id,flower,historical_meaning,human_language_meaning,communication_category
1,"Rose, Red",Declaration of love,I love you and want to express romantic love.,Love
2,"Rose, White",I am worthy of you,I see myself as worthy of your love and affection.,Love
3,"Rose, Yellow",Decrease of love. Jealously,"My feelings of love are fading, and jealousy is present.",Love
4,Forget Me Not,True love. Forget me not,I love you truly and want you to remember me.,Remembrance
5,"Violet, Blue",Faithfulness,I am faithful and loyal to you.,Love
6,"Violet, Sweet",Modesty,I am humble and modest in my feelings.,Character
7,"Tulip, Red",Declaration of love,I am openly declaring my love for you.,Love
8,"Tulip, Yellow",Hopeless love,My love cannot be fulfilled or returned.,Love
9,Daisy,Innocence,I am innocent and sincere.,Character
10,"Lily, White",Purity. Sweetness,"I represent purity, innocence, and gentle sweetness.",Character
11,Lily of the Valley,Return of happiness,Happiness is returning after a difficult time.,Hope
12,Honeysuckle,Generous and devoted affection,My affection for you is generous and devoted.,Affection
13,Heliotrope,Devotion. Faithfulness,I am deeply devoted and faithful to you.,Love
14,Ivy,Fidelity. Marriage,"I represent loyalty, lasting commitment, and marriage.",Commitment
15,Myrtle,Love,I am expressing love and affection.,Love
16,Jonquil,I desire a return of affection,I want you to return my affection.,Love
17,"Carnation, Yellow",Disdain,I feel contempt or strong disapproval.,Negative emotion
18,"Carnation, Striped",Refusal,I am rejecting your proposal or feelings.,Rejection
19,"Chrysanthemum, Red",I love,I am directly telling you that I love you.,Love
20,"Chrysanthemum, Yellow",Slighted love,"My love has been ignored, hurt, or rejected.",Love
21,Pansy,Thoughts,You are in my thoughts.,Remembrance
22,Rosemary,Remembrance,I remember you and want you to be remembered.,Remembrance
23,Sweet Pea,Departure,I am saying goodbye or announcing my departure.,Farewell
24,"Daisy, Michaelmas",Farewell,I am saying goodbye.,Farewell
25,Wall-flower,Fidelity in adversity,I will remain loyal even when circumstances are difficult.,Commitment
26,Orange Blossoms,Your purity equals your loveliness,Your purity and beauty are equally admirable.,Admiration
27,Peach Blossom,I am your captive,I am completely captivated by you.,Love
28,Peony,Shame. Bashfulness,I feel shy or embarrassed.,Emotion
29,Snowdrop,Hope,I am sending you a message of hope.,Hope
30,Acacia,Friendship,I consider you a friend and value our friendship.,Friendship
